angry;disgusted;fear;happy;sad;surprise
0.5118956;0.43530455
0.1869435;0.89137715
0.37052816;0.6460595
